0.01,,,,,
Rover Control App — Build Readiness Overview,,,,,
,,,,,
Overall Completion,,,,,
,,,,,
97.10%,,635 / 654,,19,
Complete,,Features Built,,Pending Items,
,,,,,
Completion by Screen,,,,,
Screen,Total Items,Completed,Pending,Completion %,Status
Dashboard,29,29,0,100.0%,? Ready
Mission Report,172,166,6,96.5%,?? Almost Ready
Path Planning,129,126,3,97.7%,?? Almost Ready
Settings,70,70,0,100.0%,? Ready
Rover Discovery,45,44,1,97.8%,?? Almost Ready
Telemetry,3,2,1,66.7%,?? Needs Work
Hooks (Shared),39,38,1,97.4%,?? Almost Ready
Services (Backend),58,58,0,100.0%,? Ready
Storage,35,35,0,100.0%,? Ready
App Context,15,15,0,100.0%,? Ready
Shared Components,38,36,2,94.7%,?? Needs Work
Utilities,19,16,3,84.2%,?? Needs Work
General / All Screens,2,0,2,0.0%,?? Needs Work
TOTAL,654,635,19,97.1%,?? Almost Ready
,,,,,
What's Pending — 19 Items to Complete,,,,,
#,Screen,What's the Issue,What Needs to Be Done,Priority,
1,Mission Report,Old distance tracking code still in the app (wpDistCm),Remove — backend now handles this,?? High,
2,Mission Report,Old rover position code sitting unused (currentRoverPosition),Remove — backend replaced this calculation,?? High,
3,Mission Report,Mission complete check code never used (isMissionCompleted),Remove or wire it up to show completion status,?? Medium,
4,Mission Report,Completed count variable never displayed (completedCount),Remove or display in mission summary,?? Medium,
5,Mission Report,Skipped count variable never displayed (skippedCount),Remove or display in mission summary,?? Medium,
6,Mission Report,Old distance library still imported but commented out (Geodesic),Remove import — backend handles distance now,?? High,
7,Path Planning,Debug logging left turned on (DEBUG_LOG),Turn off for production release,?? High,
8,Rover Discovery,GPS coordinates display always shows 0.000000,Connect to actual GPS data from the rover,?? High,
9,Telemetry,Telemetry screen is just a wrapper with no real logic,"OK as-is if child component works, but review if needed",?? Low,
10,Hooks,Verbose telemetry logging left enabled,Turn off for production release,?? High,
11,Shared Components,Connection status badge stuck on 'Connecting...',Wire to actual connection state so users see real status,?? High,
12,Shared Components,Reconnect button doesn't do anything,Connect to reconnect logic or remove the button,?? High,
13,Utilities,Old accuracy calculator still imported in some files,Remove from all files — backend handles this now,?? Medium,
14,Utilities,Old accuracy display formatter still imported,Remove from all files — backend handles this now,?? Medium,
15,Utilities,Duplicate waypoint file parser exists,Merge into one parser to avoid confusion,?? Medium,
16,Path Planning,Drawing tools & CAD tool not yet implemented for map editing,Build drawing and CAD tools for path creation on map,?? High,
17,Path Planning,Manual connection tool in map mode needs improvement,Improve manual waypoint connection tool for smoother use,?? Medium,
18,All Screens,Unwanted popups and notifications appearing during use,Clean up and remove unnecessary popups and notifications,?? Medium,
19,All Screens,App theme and color layout needs refresh,Create new themes and updated color layouts,?? Medium,
,,,,,
Final Verdict — Is This App Ready?,,,,,
??  ALMOST PRODUCTION READY — 97.1% Complete,,,,,
,,,,,
?  What's Working Well,,,,,
"    ?  Dashboard — 100% complete, all live telemetry displaying correctly",,,,,
"    ?  Mission Report — Core mission flow working (start, stop, pause, resume, waypoints)",,,,,
"    ?  Path Planning — Map, waypoint upload, and editing fully functional",,,,,
    ?  Settings — All configuration options built and working,,,,,
    ?  Rover Discovery — Rover scanning and connection working,,,,,
    ?  Services & Storage — Backend communication and data persistence solid,,,,,
    ?  6 out of 12 modules are 100% complete with zero issues,,,,,
,,,,,
??  What Needs Fixing Before Release,,,,,
"    ?  9 High Priority — Debug logs on, broken GPS display, dead buttons, old code, missing CAD tools",,,,,
"    ?  9 Medium Priority — Unused variables, duplicate code, manual tools, popups, theming",,,,,
    ?  1 Low Priority — Telemetry screen wrapper is minimal but functional,,,,,
    ?  Estimated effort: 2–3 days of developer work,,,,,
,,,,,
Bottom Line: The app is well-built and nearly ready. Fix the 9 high-priority items (est. 1-day) and it's good to ship.,,,,,
,,,,,
